,,,,,
歌曲名,演唱,专辑,,,
春山空,任然,THE 1ST FULL ALBUM Ren 然,,,
飞鸟和蝉,任然,THE 1ST FULL ALBUM Ren 然,,,
当我唱起这首歌,小贱,龙天腾 合辑二,,,
多喜欢你,小贱,龙天腾 合辑二,,,
多余的关心,星弟,龙天腾 合辑二,,,
关注者,小婉妹妹,龙天腾 合辑二,,,
过得好吗,校长,龙天腾 合辑二,,,
好想听你说,星弟,龙天腾 合辑二,,,
回归K-PAX星球,Kent,龙天腾 合辑二,,,
活该,星弟,龙天腾 合辑二,,,
旧时光,小贱,龙天腾 合辑二,,,
旧友,星弟,龙天腾 合辑二,,,
有过很多的梦,Kent,龙天腾 合辑六,,,
越远,星弟,龙天腾 合辑六,,,
再见,秦洋,龙天腾 合辑六,,,
再遇太难,MC吴迪/文静,龙天腾 合辑六,,,
制造浪漫,星弟,龙天腾 合辑六,,,
专属电影,星弟,龙天腾 合辑六,,,
状况多多,星弟,龙天腾 合辑六,,,
最后一面,星弟,龙天腾 合辑六,,,
每天,星弟,龙天腾 合辑三,,,
那时候,小贱,龙天腾 合辑三,,,
你是我爱的人,刘大美人,龙天腾 合辑三,,,
你说会陪着我,星弟,龙天腾 合辑三,,,
你真的走了,小贱,龙天腾 合辑三,,,
飘散的温馨,星弟,龙天腾 合辑三,,,
情话微甜,王圣锋/李朝,龙天腾 合辑三,,,
认输,小贱,龙天腾 合辑四,,,
如果能够,星弟,龙天腾 合辑四,,,
如果天还没黑,星弟,龙天腾 合辑四,,,
释然,星弟,龙天腾 合辑四,,,
说好了不见面,小贱,龙天腾 合辑四,,,
同归于尽,星弟,龙天腾 合辑四,,,
万一奥特曼打不赢小怪兽,小贱,龙天腾 合辑四,,,
我还不习惯,小贱,龙天腾 合辑五,,,
我终于明白,星弟,龙天腾 合辑五,,,
我做不到不想你,小贱,龙天腾 合辑五,,,
无法代替,小贱,龙天腾 合辑五,,,
小白,星弟,龙天腾 合辑五,,,
小暖,丁炜,龙天腾 合辑五,,,
爱情风暴,小贱,龙天腾 合辑一,,,
别来爱我,小贱,龙天腾 合辑一,,,
别再说分手,小贱,龙天腾 合辑一,,,
不想做朋友,星弟,龙天腾 合辑一,,,
不像情歌,小贱,龙天腾 合辑一,,,
不知,丁炜,龙天腾 合辑一,,,
不知不觉,小贱,龙天腾 合辑一,,,
答应我，别想我,星弟,龙天腾 合辑一,,,
离人殇,赵方婧,千和世纪 合辑二,,,
烈酒,屈原,千和世纪 合辑二,,,
你是什么咖,蒋蒋+小右,千和世纪 合辑二,,,
欧皇,薛明媛/朱贺,千和世纪 合辑二,,,
谁是对的人,桑娜,千和世纪 合辑二,,,
童话幻灭,妖蝠(SAMA),千和世纪 合辑二,,,
为你打call,薛明媛,千和世纪 合辑二,,,
我是你的影子,Xun,千和世纪 合辑二,,,
约瑟夫的玫瑰,蒋蒋+莫小娘,千和世纪 合辑二,,,
直觉,赵方婧,千和世纪 合辑二,,,
只想说声爱你,白小白/朱鸽,千和世纪 合辑二,,,
别离开好吗,莫小娘/Xun/小右,千和世纪 合辑三,,,
故事1983,转蒋,千和世纪 合辑三,,,
窥探,方大人,千和世纪 合辑三,,,
天下第一喜欢你,蒋蒋,千和世纪 合辑三,,,
不然呢,孙晨,千和世纪 合辑四,,,
谁的青春不迷茫,小来哥,千和世纪 合辑四,,,
八年的爱,冰冰超人(刘冰),千和世纪 合辑一,,,
拜你所赐,蒋蒋+朱贺,千和世纪 合辑一,,,
大女孩,小峰峰,千和世纪 合辑一,,,
读不懂你的忧伤,常定晨+伍华,千和世纪 合辑一,,,
该,曲肖冰,千和世纪 合辑一,,,
还没见面就分手,蒋蒋,千和世纪 合辑一,,,
好聚不好散,孙晨,千和世纪 合辑一,,,
戒不掉的爱,伍华+王媛渊,千和世纪 合辑一,,,
那个女孩,金凡,千和世纪 合辑一,,,
小哥哥,胡艾彤,千和世纪 合辑一,,,
不就是落单,薛明媛,无限可能 合辑,,,
恶意,秦洋,无限可能 合辑,,,
关于兰州,秦洋,无限可能 合辑,,,
喜闻乐见,薛明媛,无限可能 合辑,,,
退,蒋蒋,庸医,,,
小至,郁可唯/李治廷,白发 电视剧原声带,,,
解忧,张靓颖,宸汐缘 电视剧原声带,,,
别来无恙,雷佳,橙红年代 电视剧原声带,,,
橙红年代,周华健,橙红年代 电视剧原声带,,,
心光,张杰,橙红年代 电视剧原声带,,,
当我们只剩下我,弦子,楚乔传 电视剧原声带,,,
望,张碧晨/赵丽颖,楚乔传 电视剧原声带,,,
星月,王铮亮/郁可唯,楚乔传 电视剧原声带,,,
学不会,香香,楚乔传 电视剧原声带,,,
因为一个人,张磊,楚乔传 电视剧原声带,,,
最远的心跳,王晰,楚乔传 电视剧原声带,,,
不负,周品,孤芳不自赏 电视剧原声带,,,
风景旧曾谙,韦礼安/郭静,孤芳不自赏 电视剧原声带,,,
泪塔,方圆,孤芳不自赏 电视剧原声带,,,
好好的,曾缔,好先生 电视剧原声带,,,
路远,张磊,好先生 电视剧原声带,,,
忘了她,帕尔哈提,好先生 电视剧原声带,,,
My Sunshine,张杰,何以笙箫默 电视剧原声带,,,
何以爱情,钟汉良,何以笙箫默 电视剧原声带,,,
动物森林,范玮琪,虎妈猫爸 电视剧原声带,,,
初见爱已晚,香香,寂寞空庭春欲晚 电视剧原声带,,,
无终,刘恺威,寂寞空庭春欲晚 电视剧原声带,,,
秣马,阿云嘎,九州缥缈录 电视剧原声带,,,
Old Boy（老男孩）,古巨基,老男孩 电视剧原声带,,,
不老男孩,古巨基,老男孩 电视剧原声带,,,
放下的时候,刘烨,老男孩 电视剧原声带,,,
牧马城市,毛不易,老男孩 电视剧原声带,,,
失重,郁可唯,老男孩 电视剧原声带,,,
文艺少年,张磊,恋爱先生 电视剧原声带,,,
吸引力法则,赵天宇/周震南,恋爱先生 电视剧原声带,,,
如歌,张杰,烈火如歌 电视剧原声带,,,
听雪,张碧晨,烈火如歌 电视剧原声带,,,
浴火成诗,迪丽热巴 /毛不易,烈火如歌 电视剧原声带,,,
No One Knows,汪苏泷,南方有乔木 电视剧原声带,,,
两难,汪苏泷,南方有乔木 电视剧原声带,,,
微观世界,何洁/马伯骞,南方有乔木 电视剧原声带,,,
奔跑的蜗牛,黄轩,亲爱的翻译官 电视剧原声带,,,
我亲爱的,谭维维,亲爱的翻译官 电视剧原声带,,,
青衣谣,郁可唯,青云志 电视剧原声带,,,
青云志,吴俊余/李凯馨,青云志 电视剧原声带,,,
若只如初见,杨紫,青云志 电视剧原声带,,,
英雄有路,任贤齐,青云志 电视剧原声带,,,
就算没有如果,香香,三生三世十里桃花 电视剧原声带,,,
凉凉,杨宗纬/张碧晨,三生三世十里桃花 电视剧原声带,,,
三生三世,张杰,三生三世十里桃花 电视剧原声带,,,
思慕,郁可唯,三生三世十里桃花 电视剧原声带,,,
缘字书,苏诗丁,三生三世枕上书 电视剧原声带,,,
风之诺言,张翰,杉杉来了 电视剧原声带,,,
身不由己,何洁,杉杉来了 电视剧原声带,,,
悲喜楼,何晟铭,听雪楼 电视剧原声带,,,
黑马,于文文,我的真朋友 电视剧原声带,,,
爱与愿违,弦子,择天记 电视剧原声带,,,
故意,何洁/孙郡,择天记 电视剧原声带,,,
心不由己,郁可唯,择天记 电视剧原声带,,,
星辰,张杰,择天记 电视剧原声带,,,
注定,周笔畅/白举纲,择天记 电视剧原声带,,,
I see the Lights,张杰,重播之八,,,
飞,韩磊,重播之八,,,
风中芭蕾,郁可唯,重播之八,,,
探世界,王凯,重播之八,,,
外婆桥,江一燕,重播之八,,,
真相,张杰,重播之八,,,
承诺,袁姗姗,重播之二,,,
听,张杰,重播之二,,,
无泪,袁姗姗/韩栋,重播之二,,,
归零歌,邓青,重播之九,,,
一念向北,刘恺威,重播之九,,,
恋歌,何晟铭,重播之六,,,
恋歌,香香,重播之六,,,
说书人,小沈阳,重播之六,,,
心中的过往,刘恺威/李溪芮,重播之六,,,
英雄,何晟铭,重播之六,,,
恋香,郁可唯,重播之七,,,
上善若水,何晟铭,重播之七,,,
爱我,袁姗姗,重播之三,,,
爱与恨,刘恺威/杨蓉,重播之三,,,
大丈夫男子汉,韩磊,重播之三,,,
浩瀚,张杰,重播之三,,,
觉悟,袁姗姗,重播之三,,,
你我,陈妍希/陈晓,重播之三,,,
十六年,陈晓/刘忻,重播之三,,,
问世间,陈翔,重播之三,,,
逍遥,霍建华,重播之三,,,
用情山水,郁可唯,重播之三,,,
给妈妈的信,胡莎莎,重播之十,,,
其实很简单,铁热沁夫,重播之十,,,
燕儿飞,宋小宝/王一璠,重播之十,,,
不完整的存在,郁可唯,重播之十二,,,
带你走,陈翔,重播之十二,,,
骄傲与渺小,叶青,重播之十二,,,
天梯,张彬彬/李溪芮,重播之十二,,,
相爱恨晚,张磊,重播之十二,,,
与爱情无关,谭维维,重播之十二,,,
爱你没错,张信哲,重播之十三,,,
传世之爱,张韶涵,重播之十三,,,
汉之云,张云龙,重播之十三,,,
剑心,张杰,重播之十三,,,
两人行,陈伟霆,重播之十三,,,
夙念,郁可唯,重播之十三,,,
唐韵,谭晶,重播之十三,,,
为江山,孙楠,重播之十三,,,
为你成全,万茜/音频怪物,重播之十三,,,
一半,于朦胧,重播之十三,,,
远方,郁可唯,重播之十三,,,
Yes，I do,陈乔恩,重播之十一,,,
悲前喜剧,陈晓,重播之十一,,,
沉眠,白宇/杨蓉,重播之十一,,,
当爱来敲门,张碧晨,重播之十一,,,
暖人,张磊,重播之十一,,,
轻狂,陈翔,重播之十一,,,
月亮桥,曾缔,重播之十一,,,
抓紧我放弃我,金志文,重播之十一,,,
最爱的人,郁可唯,重播之十一,,,
路过爱情,梁又琳,重播之四,,,
如果爱老了,杨幂/刘恺威,重播之四,,,
一定要幸福,杨幂,重播之四,,,
彼岸花,何洁/苏醒,重播之五,,,
极光,毕书尽,重播之五,,,
绿罗裙,Angelababy,重播之五,,,
丝萝,李宇春,重播之五,,,
心情,陈晓/赵丽颖,重播之五,,,
云天外,杜淳,重播之五,,,
云天外,陆毅,重播之五,,,
珍惜,李宇春,重播之五,,,
追,香香,重播之五,,,
爱的供养,何晟铭 /向鹰,重播之一,,,
爱的供养,杨幂,重播之一,,,
爱的供养,何晟铭/杜淳,重播之一,,,
爱的供养,陆毅,重播之一,,,
不怨,袁姗姗,重播之一,,,
佛说,何晟铭,重播之一,,,
寂寞红,袁姗姗,重播之一,,,
见或不见,何晟铭/香香,重播之一,,,
相思曲,袁姗姗/张嘉倪/舒畅,重播之一,,,
你可知道,黄龄,醉玲珑 电视剧原声带,,,
诛心泪,郁可唯,醉玲珑 电视剧原声带,,,
艾琳娜,动力火车,20 新歌duet精选,,,
爱到疯癫,动力火车,20 新歌duet精选,,,
背叛情歌,动力火车,20 新歌duet精选,,,
彼此,动力火车,20 新歌duet精选,,,
彩虹,动力火车,20 新歌duet精选,,,
除了爱你还能爱谁,动力火车,20 新歌duet精选,,,
当,动力火车,20 新歌duet精选,,,
跟自己合唱,动力火车,20 新歌duet精选,,,
继续转动,动力火车,20 新歌duet精选,,,
借你一点泪,动力火车,20 新歌duet精选,,,
迷汤,动力火车,20 新歌duet精选,,,
明天的明天的明天,动力火车,20 新歌duet精选,,,
莫忘初衷,动力火车,20 新歌duet精选,,,
外套,动力火车,20 新歌duet精选,,,
无情的情书,动力火车,20 新歌duet精选,,,
下一站,动力火车,20 新歌duet精选,,,
再见我的爱人,动力火车,20 新歌duet精选,,,
镇守爱情,动力火车,20 新歌duet精选,,,
只愿和你相爱,动力火车,20 新歌duet精选,,,
忠孝东路走九遍,动力火车,20 新歌duet精选,,,
终于明白,动力火车,20 新歌duet精选,,,
爱上了你,邱胜翊,ATTENTION!,,,
大智若娱,炎亚纶,CUT,,,
好想对他说,炎亚纶,CUT,,,
台北沉睡了,炎亚纶,CUT,,,
一刀不剪,炎亚纶,CUT,,,
"挡不住的太阳
 Unstoppable Sun",炎亚纶,DRAMA,,,
"多余的我
 The unwanted love",炎亚纶,DRAMA,,,
"这不是我
 That's not me",炎亚纶,DRAMA,,,
保持微笑,S.H.E,Encore,,,
不在场,S.H.E,Encore,,,
大女人主义,S.H.E,Encore,,,
斗牛士之歌,S.H.E,Encore,,,
金钟罩铁布衫,S.H.E,Encore,,,
给我你的爱,TANK,Fighting 生存之道,,,
激战,TANK,Fighting 生存之道,,,
三国恋,TANK,Fighting 生存之道,,,
挺你到底,TANK,Fighting 生存之道,,,
我们小时候,TANK,Fighting 生存之道,,,
蟑螂小强,TANK,Fighting 生存之道,,,
Goodbye my love,S.H.E,Forever新歌+精选,,,
我们怎么了,S.H.E,Forever新歌+精选,,,
紫藤花,S.H.E,Forever新歌+精选,,,
第三人称,倪安东,Friends,,,
见外,倪安东,Friends,,,
我是你的,倪安东,Friends,,,
想回家,倪安东,Friends,,,
一切都是因为爱,倪安东,Friends,,,
你说他,Popu Lady,Gossip Girls,,,
我不要,Popu Lady,Gossip Girls,,,
No Surprises,林宥嘉,Jazz Channel,,,
爱情的背影,林宥嘉,Jazz Channel,,,
说谎,林宥嘉,Jazz Channel,,,
我只在乎你,林宥嘉,Jazz Channel,,,
CAP GIRL,张智成,Listen To Me,,,
很想你,张智成,Listen To Me,,,
换日线,张智成,Listen To Me,,,
三千,张智成,Listen To Me,,,
伤心换日线,张智成,Listen To Me,,,
诗人,张智成,Listen To Me,,,
My Love,田馥甄,Love电视原声带,,,
路人甲,动力火车,man,,,
南下北上,动力火车,man,,,
潇洒的走,动力火车,man,,,
也许有一天,动力火车,man,,,
完美,张智成,may I love u?,,,
Easy Come Easy Go,张智成,may I love u?,,,
后来才知道,张智成,may I love u?,,,
还是要幸福,Hebe,My Love,,,
花花世界,Hebe,My Love,,,
魔鬼中的天使,Hebe,My Love,,,
你,Hebe,My Love,,,
请你给我好一点的情敌,Hebe,My Love,,,
乌托邦,Hebe,My Love,,,
无事生非,Hebe,My Love,,,
要说什么,Hebe,My Love,,,
影戏的影子,Hebe,My Love,,,
好心情,S.H.E,play,,,
借口,S.H.E,play,,,
说你爱我,S.H.E,play,,,
听袁惟仁弹吉它,S.H.E,play,,,
谢谢你的温柔,S.H.E,play,,,
再别康桥,S.H.E,play,,,
超可能,S.H.E,SHERO,,,
少了一个人,S.H.E,SHERO,,,
sigma,sigma,sigma,,,
泪奔,sigma,sigma,,,
北欧神话,S.H.E,Super Star,,,
河滨公园,S.H.E,Super Star,,,
你太诚实,S.H.E,Super Star,,,
夏天的微笑,S.H.E,Super Star,,,
Love！,Hebe,To Hebe,,,
To Hebe,Hebe,To Hebe,,,
超级玛丽,Hebe,To Hebe,,,
给小孩,Hebe,To Hebe,,,
没有管理员的公寓,Hebe,To Hebe,,,
你太猖狂,Hebe,To Hebe,,,
我对不起我,Hebe,To Hebe,,,
爱情,Hebe,To My Love影音馆,,,
将爱,Hebe,To My Love影音馆,,,
囚鸟,Hebe,To My Love影音馆,,,
我和幸福有约定,S.H.E,together,,,
救命,倪安东,wake up,,,
让我爱她,倪安东,wake up,,,
失败的分手,倪安东,wake up,,,
612星球,S.H.E,爱而为一演唱会,,,
Beauty Up My Life,S.H.E,爱而为一演唱会,,,
Boom,S.H.E,爱而为一演唱会,,,
I.O.I.O,S.H.E,爱而为一演唱会,,,
Remember,S.H.E,爱而为一演唱会,,,
SHERO,S.H.E,爱而为一演唱会,,,
Super Model,S.H.E,爱而为一演唱会,,,
Super Star,S.H.E,爱而为一演唱会,,,
爱就对了,S.H.E,爱而为一演唱会,,,
爱呢,S.H.E,爱而为一演唱会,,,
安静了,S.H.E,爱而为一演唱会,,,
半糖主义,S.H.E,爱而为一演唱会,,,
波斯猫,S.H.E,爱而为一演唱会,,,
不想长大,S.H.E,爱而为一演唱会,,,
触电,S.H.E,爱而为一演唱会,,,
可爱万岁,S.H.E,爱而为一演唱会,,,
老婆,S.H.E,爱而为一演唱会,,,
恋人未满,S.H.E,爱而为一演唱会,,,
伦敦大桥垮下来,S.H.E,爱而为一演唱会,,,
美丽新世界,S.H.E,爱而为一演唱会,,,
魔力,S.H.E,爱而为一演唱会,,,
你不会,S.H.E,爱而为一演唱会,,,
热带雨林,S.H.E,爱而为一演唱会,,,
天灰,S.H.E,爱而为一演唱会,,,
天亮了,S.H.E,爱而为一演唱会,,,
我爱烦恼,S.H.E,爱而为一演唱会,,,
我爱雨夜花,S.H.E,爱而为一演唱会,,,
五月天,S.H.E,爱而为一演唱会,,,
宇宙小姐,S.H.E,爱而为一演唱会,,,
远方,S.H.E,爱而为一演唱会,,,
中国话,S.H.E,爱而为一演唱会,,,
快乐,张智成,爱情树,,,
曾经太年轻,蓝又时,白色巨塔电视原声带,,,
几乎,曾之乔,必娶女人电视原声带,,,
兜圈,林宥嘉,必娶女人电视原声带,,,
神秘嘉宾,林宥嘉,必娶女人电视原声带,,,
寂寞寂寞就好,田馥甄,必娶女人电视原声带,,,
我想我不会爱你,田馥甄,必娶女人电视原声带,,,
我何必,阎奕格,必娶女人电视原声带,,,
不完美心跳,尤秋兴,必娶女人电视原声带,,,
不作你的朋友,S.H.E,不想长大,,,
好人有好抱,S.H.E,不想长大,,,
绿洲,S.H.E,不想长大,,,
神枪手,S.H.E,不想长大,,,
谢谢你让我爱过你,S.H.E,不想长大,,,
星星之火,S.H.E,不想长大,,,
月桂女神,S.H.E,不想长大,,,
青春是,Selina,大稻埕 电影原声带,,,
4号病房,林宥嘉,大小说家,,,
浪费,林宥嘉,大小说家,,,
勉强幸福,林宥嘉,大小说家,,,
拾荒,林宥嘉,大小说家,,,
绷带俱乐部,Tank,第3回合,,,
全世界都停电,Tank,第3回合,,,
如果我变成回忆,Tank,第3回合,,,
生还者,Tank,第3回合,,,
阳光美眉,Tank,第3回合,,,
藏起来,倪安东,第一课,,,
占有,飞轮海,东方朱丽叶电视原声带,,,
只对你有感觉,飞轮海+HEBE,东方朱丽叶电视原声带,,,
放不下,龚诗嘉,东方朱丽叶电视原声带,,,
逆风,花园精灵,东方朱丽叶电视原声带,,,
非你莫属,林依晨,东方朱丽叶电视原声带,,,
爱情树,张智成,东方朱丽叶电视原声带,,,
来不及,HEBE,斗牛要不要电视原声带,,,
爱来过,S.H.E,斗牛要不要电视原声带,,,
最近还好吗,S.H.E,斗牛要不要电视原声带,,,
斗牛要不要,TANK,斗牛要不要电视原声带,,,
2月30号见,飞轮海,飞轮海首张同名专辑,,,
爱到,飞轮海,飞轮海首张同名专辑,,,
不死之谜,飞轮海,飞轮海首张同名专辑,,,
出口,飞轮海,飞轮海首张同名专辑,,,
我有我的Young,飞轮海,飞轮海首张同名专辑,,,
夏雪,飞轮海,飞轮海首张同名专辑,,,
一个人的流浪,飞轮海,飞轮海首张同名专辑,,,
找幸福给你,飞轮海,飞轮海首张同名专辑,,,
起初只是朋友,龚诗嘉,好，诗嘉,,,
远远在一起,龚诗嘉,好，诗嘉,,,
再一次拥有,龚诗嘉,好，诗嘉,,,
怎么办,S.H.E,花样少年少女电视原声带,,,
谢谢爱,花园精灵,花样少年少女电视原声带,,,
我一直都在,林稷安/程于伦,花样少年少女电视原声带,,,
不说再见,S.H.E,花又开好了,,,
还我,S.H.E,花又开好了,,,
后来后来,S.H.E,花又开好了,,,
花又开好了,S.H.E,花又开好了,,,
明天的自己,S.H.E,花又开好了,,,
那时候的树,S.H.E,花又开好了,,,
迫不及待,S.H.E,花又开好了,,,
亲爱的树洞,S.H.E,花又开好了,,,
像女孩的女人,S.H.E,花又开好了,,,
心还是热的,S.H.E,花又开好了,,,
比寂寞更寂寞,炎亚纶,纪念日,,,
换我陪你,炎亚纶,纪念日,,,
纪念日,炎亚纶,纪念日,,,
被忘录,炎亚纶,纪念日,,,
可能你还爱我,炎亚纶,纪念日,,,
逾时不候的永恒,炎亚纶,纪念日,,,
原来,炎亚纶,纪念日,,,
爱上你不如爱上海,动力火车,继续转动,,,
不死心还在,动力火车,继续转动,,,
逆向行驶,动力火车,继续转动,,,
Angel,阿桑,寂寞在唱歌,,,
寂寞在唱歌,阿桑,寂寞在唱歌,,,
你要离开一些时候,阿桑,寂寞在唱歌,,,
一直很安静,阿桑,寂寞在唱歌,,,
"Off, Do Not Disturb",林宥嘉,今日营业中,,,
白昼之月,林宥嘉,今日营业中,,,
宠儿,林宥嘉,今日营业中,,,
飞,林宥嘉,今日营业中,,,
天真有邪,林宥嘉,今日营业中,,,
我梦见你梦见我,林宥嘉,今日营业中,,,
勿忘你,林宥嘉,今日营业中,,,
一点点,林宥嘉,今日营业中,,,
不甘心不放手,动力火车,就是红光辉全记录[新歌+精选],,,
冲动,动力火车,就是红光辉全记录[新歌+精选],,,
打开天空,动力火车,就是红光辉全记录[新歌+精选],,,
酒醉的探戈2001,动力火车,就是红光辉全记录[新歌+精选],,,
我不知道,动力火车,就是红光辉全记录[新歌+精选],,,
再会吧！我的心上人,动力火车,就是红光辉全记录[新歌+精选],,,
Mr.Perfect,飞轮海,绝对达令电视原声带,,,
上辈子的双胞胎Twins In The Past Life,炎亚纶 /曾之乔,亮了,,,
开到荼蘼,林宥嘉,林宥嘉 香港迷宫演唱会Live数位精选特辑,,,
残酷月光,林宥嘉,林宥嘉神秘嘉宾,,,
传说,林宥嘉,林宥嘉神秘嘉宾,,,
慢一点,林宥嘉,林宥嘉神秘嘉宾,,,
请说,林宥嘉,林宥嘉神秘嘉宾,,,
再别康桥,林宥嘉,林宥嘉神秘嘉宾,,,
Runaway Mama,林宥嘉,林宥嘉神游世界巡回演唱会台北旗鉴场,,,
Syrup,林宥嘉,林宥嘉神游世界巡回演唱会台北旗鉴场,,,
背影,林宥嘉,林宥嘉神游世界巡回演唱会台北旗鉴场,,,
看见什么吃什么,林宥嘉,林宥嘉神游世界巡回演唱会台北旗鉴场,,,
离开地球表面,林宥嘉,林宥嘉神游世界巡回演唱会台北旗鉴场,,,
另一个自己,林宥嘉,林宥嘉神游世界巡回演唱会台北旗鉴场,,,
罗密欧与朱丽叶,林宥嘉,林宥嘉神游世界巡回演唱会台北旗鉴场,,,
那首歌,林宥嘉,林宥嘉神游世界巡回演唱会台北旗鉴场,,,
你是我的眼,林宥嘉,林宥嘉神游世界巡回演唱会台北旗鉴场,,,
傻子,林宥嘉,林宥嘉神游世界巡回演唱会台北旗鉴场,,,
唐人街,林宥嘉,林宥嘉神游世界巡回演唱会台北旗鉴场,,,
我爱的人,林宥嘉,林宥嘉神游世界巡回演唱会台北旗鉴场,,,
想念,林宥嘉,林宥嘉神游世界巡回演唱会台北旗鉴场,,,
想自由,林宥嘉,林宥嘉神游世界巡回演唱会台北旗鉴场,,,
心酸,林宥嘉,林宥嘉神游世界巡回演唱会台北旗鉴场,,,
诱,林宥嘉,林宥嘉神游世界巡回演唱会台北旗鉴场,,,
早开的晚霞,林宥嘉,林宥嘉神游世界巡回演唱会台北旗鉴场,,,
Forever,张智成,凌晨三点钟,,,
不夜城2001版,张智成,凌晨三点钟,,,
刺心,张智成,凌晨三点钟,,,
明知故问,张智成,凌晨三点钟,,,
在KTV过夜,张智成,凌晨三点钟,,,
重返寂寞,张智成,凌晨三点钟,,,
记恨,郁可唯,路过人间,,,
路过人间,郁可唯,路过人间,,,
三十而慄,郁可唯,路过人间,,,
十年如一日,郁可唯,路过人间,,,
Nothing Ever Changes,S.H.E,美丽新世界,,,
Watch Me Shine,S.H.E,美丽新世界,,,
Woman In Love,S.H.E,美丽新世界,,,
Yes I Love You,S.H.E,美丽新世界,,,
爱情的海洋,S.H.E,美丽新世界,,,
无可取代,S.H.E,美丽新世界,,,
纪念品,林宥嘉,美妙生活,,,
拥有,林宥嘉,美妙生活,,,
爱着爱着就永远,田馥甄,渺小,,,
口袋的温度,田馥甄,渺小,,,
矛盾,田馥甄,渺小,,,
渺小,田馥甄,渺小,,,
你就不要想起我,田馥甄,渺小,,,
你快乐未必我快乐,田馥甄,渺小,,,
无常,田馥甄,渺小,,,
这个人已经与我无关,田馥甄,渺小,,,
终身大事,田馥甄,渺小,,,
Feel Me,汪东城,你在等什么,,,
假装我们没爱过,汪东城,你在等什么,,,
你在等什么,汪东城,你在等什么,,,
替我,汪东城,你在等什么,,,
完美心跳,汪东城,你在等什么,,,
我们的剧本,汪东城,你在等什么,,,
我应该去爱,汪东城,你在等什么,,,
像你,汪东城,你在等什么,,,
这里没有天使,汪东城,你在等什么,,,
Too Much,S.H.E,女生宿舍,,,
冰箱,S.H.E,女生宿舍,,,
你还好不好,S.H.E,女生宿舍,,,
他就是他,S.H.E,女生宿舍,,,
替我爱你,S.H.E,女生宿舍,,,
Always On My Mind,S.H.E,奇幻乐园演唱会,,,
Belief,S.H.E,奇幻乐园演唱会,,,
Only Lonely,S.H.E,奇幻乐园演唱会,,,
安全感,S.H.E,奇幻乐园演唱会,,,
给我多一点,S.H.E,奇幻乐园演唱会,,,
落大雨,S.H.E,奇幻乐园演唱会,,,
十面埋伏,S.H.E,奇幻乐园演唱会,,,
他还是不懂,S.H.E,奇幻乐园演唱会,,,
天使在唱歌,S.H.E,奇幻乐园演唱会,,,
长相思,S.H.E,奇幻乐园演唱会,,,
Never Mind,S.H.E,奇幻旅程,,,
五天四夜,S.H.E,奇幻旅程,,,
一起开始的旅程,S.H.E,奇幻旅程,,,
找不到,S.H.E,奇幻旅程,,,
茱罗记,S.H.E,奇幻旅程,,,
花都开好了,S.H.E,蔷薇之恋电视原声带,,,
叶子,阿桑,蔷薇之恋电视原声带,,,
摇篮曲,动力火车,蔷薇之恋电视原声带,,,
亲爱的怪物,炎亚纶,亲爱的怪物,,,
一双人,林恺伦,秦时明月 电视剧原声带,,,
天将明,林宥嘉,秦时明月 电视剧原声带,,,
独活,炎亚纶,秦时明月 电视剧原声带,,,
盔甲,阎奕格,秦时明月 电视剧原声带,,,
当归,周蕙,秦时明月 电视剧原声带,,,
I've Never Been To Me,S.H.E,青春株式会社,,,
爱我的资格,S.H.E,青春株式会社,,,
催眠术,S.H.E,青春株式会社,,,
记得要忘记,S.H.E,青春株式会社,,,
围巾,S.H.E,青春株式会社,,,
幸福留言,S.H.E,青春株式会社,,,
独善其身,田馥甄,日常,,,
灵魂伴侣,田馥甄,日常,,,
慢舞,田馥甄,日常,,,
念念有词,田馥甄,日常,,,
日常,田馥甄,日常,,,
身体都知道,田馥甄,日常,,,
无用,田馥甄,日常,,,
余波荡漾,田馥甄,日常,,,
看透,阿桑,受了点伤,,,
让我爱,阿桑,受了点伤,,,
任凭摆布,阿桑,受了点伤,,,
如果爱你自由这一次,阿桑,受了点伤,,,
受了点伤,阿桑,受了点伤,,,
温柔的慈悲,阿桑,受了点伤,,,
我不想,阿桑,受了点伤,,,
爱的王道,飞轮海,双面飞轮海,,,
不会爱,飞轮海,双面飞轮海,,,
出神入化,飞轮海,双面飞轮海,,,
明日香,飞轮海,双面飞轮海,,,
为你存在,飞轮海,双面飞轮海,,,
小小大人物,飞轮海,双面飞轮海,,,
心里有数,飞轮海,双面飞轮海,,,
新窝,飞轮海,双面飞轮海,,,
一万个快乐,飞轮海,双面飞轮海,,,
至少还有我,飞轮海,双面飞轮海,,,
保佑我,张智成,搜藏张智成 (新歌+精选),,,
末日之恋,张智成,搜藏张智成 (新歌+精选),,,
SEXY GIRL,飞轮海,太热,,,
很安静,飞轮海,太热,,,
活得更像我,飞轮海,太热,,,
守护星,飞轮海,太热,,,
太热,飞轮海,太热,,,
误会,飞轮海,太热,,,
心疼你的心疼,飞轮海,太热,,,
新生,飞轮海,太热,,,
千年泪,TANK,天外飞仙电视原声带,,,
古灵精怪,艾伦/静如,天外飞仙电视原声带,,,
天亮以后,胡歌,天外飞仙电视原声带,,,
月光,胡歌,天外飞仙电视原声带,,,
比你贱,S.H.E,我的电台FM S.H.E,,,
店小二,S.H.E,我的电台FM S.H.E,,,
女孩当自强,S.H.E,我的电台FM S.H.E,,,
酸甜,S.H.E,我的电台FM S.H.E,,,
沿海公路的出口,S.H.E,我的电台FM S.H.E,,,
月光手札,S.H.E,我的电台FM S.H.E,,,
懂我再爱我,Ella,我就是Ella陈嘉桦,,,
厚脸皮,Ella,我就是Ella陈嘉桦,,,
坏女孩,Ella,我就是Ella陈嘉桦,,,
你被写在我的歌里（室内乐版）,Ella,我就是Ella陈嘉桦,,,
我就是我,Ella,我就是Ella陈嘉桦,,,
传说,刘力扬,我就是这样,,,
拍写,刘力扬,我就是这样,,,
我就是这样,刘力扬,我就是这样,,,
眼泪笑了,刘力扬,我就是这样,,,
一句一伤,刘力扬,我就是这样,,,
雨念,刘力扬,我就是这样,,,
冬季到台北来看雨,周蕙,我看见的世界,,,
我看见的世界,周蕙,我看见的世界,,,
我们还会相遇,周蕙,我看见的世界,,,
凝视,阎奕格,我有我自己,,,
我有我自己,阎奕格,我有我自己,,,
新宠,阎奕格,我有我自己,,,
也可以,阎奕格,我有我自己,,,
忽然之间,炎亚纶,下一个炎亚纶,,,
下一个我,炎亚纶,下一个炎亚纶,,,
只看见你,炎亚纶,下一个炎亚纶,,,
最后一眼,炎亚纶,下一个炎亚纶,,,
夏雨诗,潘裕文,夏雨诗,,,
花与剑,J.S,仙剑奇侠传电视原声带,,,
杀破狼,J.S,仙剑奇侠传电视原声带,,,
六月的雨,胡歌,仙剑奇侠传电视原声带,,,
逍遥叹,胡歌,仙剑奇侠传电视原声带,,,
恋爱元气弹,Popu Lady,小未来,,,
融化了,Popu Lady,小未来,,,
Dear Tank,Tank,延长比赛,,,
城里的月光,Tank,延长比赛,,,
非你莫属,Tank,延长比赛,,,
街头霸王,Tank,延长比赛,,,
岚,Tank,延长比赛,,,
延长比赛,Tank,延长比赛,,,
专属天使,Tank,延长比赛,,,
最后的微笑,Tank,延长比赛,,,
旅途,刘力扬,漾 旅途心歌自选辑,,,
谈感情,刘力扬,漾 旅途心歌自选辑,,,
天后,刘力扬,漾 旅途心歌自选辑,,,
好想变苹果,Popu Lady,一直一直爱,,,
一直一直爱,Popu Lady,一直一直爱,,,
Ring Ring Ring,S.H.E,移动城堡演唱会,,,
白色恋歌,S.H.E,移动城堡演唱会,,,
别说对不起,S.H.E,移动城堡演唱会,,,
对号入座,S.H.E,移动城堡演唱会,,,
候鸟,S.H.E,移动城堡演唱会,,,
痛快,S.H.E,移动城堡演唱会,,,
我爱你,S.H.E,移动城堡演唱会,,,
殊途,S.H.E,永远都在,,,
永远都在,S.H.E,永远都在,,,
好好,Popu Lady,勇敢说出我爱你电影原声带,,,
泼水歌,贺军翔 /吴若瑄,勇敢说出我爱你电影原声带,,,
命运的重逢,JS,遇见未来,,,
苏菲亚的愿望,JS,遇见未来,,,
天空的颜色,JS,遇见未来,,,
遇见未来,JS,遇见未来,,,
哲学家,JS,遇见未来,,,
动脉,飞轮海,越来越爱,,,
孤单摩天轮,飞轮海,越来越爱,,,
恒星,飞轮海,越来越爱,,,
寂寞暴走,飞轮海,越来越爱,,,
留下来,飞轮海,越来越爱,,,
默默,飞轮海,越来越爱,,,
雨是眼泪,飞轮海,越来越爱,,,
越来越爱,飞轮海,越来越爱,,,
最佳听众,飞轮海,越来越爱,,,
只是当时,Ella,真命天女电视原声带,,,
摩天轮,Hebe,真命天女电视原声带,,,
我比想象中爱你,J.S,真命天女电视原声带,,,
星光,S.H.E,真命天女电视原声带,,,
管不着,Selina,真命天女电视原声带,,,
在水一方,汪东城,终极一家电视原声带,,,
重作一个梦,Selina,重作一个梦,,,
崇拜你,刘力扬,转寄,,,
寂寞光年,刘力扬,转寄,,,
礼物,刘力扬,转寄,,,
一个人就好,刘力扬,转寄,,,
最久的瞬间,炎亚纶,最想去的地方,,,
走钢索的人,林宥嘉,昨天今天明天 爱 星光精选,,,
多余,杨宗纬,昨天今天明天 爱 星光精选,,,
失控（DJ版）,井迪儿,,,,
遇见（陕西话版）,陈墨一（吖毛）,,,,
童年老家,马健涛,,,,
失控,井迪儿,,,,
你来与不来我都在等你【小马歌】,小马歌,,,,
来与不来我都在等你,静静,,,,
倔强的骨头,小梁的（梁思琪）,,,,
用喜欢的方式过好每一天-DJ版,姜雨涵,,,,
来不来都等你,陈瑞,,,,
曾经少年（DJ版）,欧阳尚尚,,,,
独路,拼音师BGM,,,,
幼稚的口吻与成人的心,驼儿,,,,
深情人 挫骨扬灰,小梁的（梁思琪）,,,,
清风作伴,Dalao Xiao,雨霖铃-中国风专辑,,,
whiplash,DEITI,whiplash,,,
A Sea of Snow,DJ小蒋,A Sea of Snow,,,
Repeat I Love You,DJ小蒋,Repeat I Love You,,,
Watching the snow by the sea,DJ小蒋,Dream,,,
Blame You,E27XG_,Blame You,,,
heavy fog,FLYSBR,heavy fog,,,
Rosy7 (少爷),FLYSBR,Rosy7 (少爷),,,
Summer melody,FLYSBR,Summer melody,,,
终焉,Godx7|MKMS,终焉 (PHONK),,,
命运的思量,GS大头,命运的思量,,,
Lifestyle,HMHK,Lifestyle,,,
Life style2 (SlowDown),HSHK|VodKe,Life style2 (Explicit),,,
Titanic x 开门进行曲 (END),HSHK|VodKe,Titanic x 开门进行曲！,,,
Authority,Klinn,Authority,,,
Bright,Klinn,Bright,,,
DNTQ,Klinn,DNTQ,,,
Paper Heart Heist,Klinn,Paper HeartHeist,,,
ParaDise,Klinn,Spicy,,,
Yesterday’s Echo,Klinn,Yesterday's Echo,,,
水滴狂响曲,Klinn,水滴狂响曲,,,
Asuka and you,KVKS|Klinn,Asuka and you (New Edit),,,
Purse2,KVKS|Klinn,Purse2 (Slow),,,
Dance KK,LJYNNN|ZIIIELI,Dance KK,,,
DROOL (Phonk),LKAxelrod|HSHK|VodKe,Lia Andrea (Phonk),,,
River Flows in you,LKAxelrod|花凯,River Flows in you,,,
Got It 3,MKMS,Got It 3 (PHONK),,,
Got It 5,MKMS,Got lt 5 (PHONK终章),,,
l can't love,MKMS,l can't love (phonk),,,
ROSY7,MKMS,ROSY7 (高燃版),,,
Winning Game (必胜局),MKMS,Winning Game (必胜局),,,
Hope Ascendant,MQL|HSHK,Hope Ascendant,,,
不喜欢下雨天,Piggy,你讨厌下雨天,,,
Reay killi (高燃硬曲),SvSv|XiRXG,Reay,,,
暗恋,TG,暗恋,,,
Kill Bill (杀死比尔),VodKe|HSHK,Kill Bill (杀死比尔),,,
Kill Bill (杀しに比尔),VodKe|Klinn,Kil Bi (杀しに比尔),,,
uniqueness,YOIRUI,,,,
丁达尔的梦,Youzee Music,丁达尔的梦,,,
不负人间,阿YueYue,不负人间,,,
道两旁,阿延,道两旁,,,
左肩,安苏羽,左肩,,,
别问我过得好不好,草原兄弟,别问我过得好不好,,,
烟雨小镇,陈阿晓,烟雨小镇(纯音乐）,,,
怀念你,陈晓杰,怀念你,,,
幸福的两个人,陈雅森|杨梓,幸福的两个人,,,
陪你看星星,陈子晴,陪你看星星,,,
你不再属于我,晨熙,你不再属于我,,,
孝敬爹和妈,大平,孝敬爹和妈,,,
红尘来去梦一场,大壮,大壮首张限量定制翻唱,,,
伞,甘蔗Gentle,伞,,,
小模样,关东阿宝,小模样,,,
他一时兴起你不离不弃,浩然H.R,他一时兴起你不离不弃,,,
爱的解脱,胡菲,爱的解脱 (DJ版),,,
最初的记忆,火鸡,最初的记忆 (男生版),,,
晚风来 (玉兰开),焦七七|散人TR,晚风来 (玉兰开),,,
金色的口弦,金古阿嘎,金色的口弦,,,
着魔,京仔|王年年,着魔 (DJ京仔版),,,
颓,九块钱,颓,,,
逝去的梦,开心哥（刘功中）,逝去的梦,,,
难生恨,礼越|秋成,难生恨,,,
漂泊的浪子,李冠宇,漂泊的浪子,,,
杀死比尔,李文杰,INDULGE,,,
醉千年,李袁杰|李俊佑,醉千年,,,
寂寞才说爱,刘可,寂寞才说爱,,,
也许她更适合你,刘诺儿,也许她更适合你,,,
有种分离叫做痛,刘旭阳,有种分离叫做痛,,,
望不见少年郎,刘阳阳,望不见少年郎,,,
感谢,龙井说唱,龙井说唱,,,
归,龙井说唱,龙井说唱,,,
大天蓬,璐爷,璐爷翻唱电台,,,
暖暖的家,露西卡,暖暖的家,,,
人生不易别委屈自己,露西卡,人生不易别委屈自己,,,
给自己一个拥抱,马健涛,给自己一个拥抱,,,
人生大好,彭思文,人生大好,,,
爱你伤过醉过,蔷薇团长,爱你伤过醉过,,,
人生好似一幅画,沁心小筑|烟圈蔓延,人生好似一幅画 (对唱),,,
我一个人也可以,轻烟大叔,我一个人也可以,,,
长发姑娘,全幺九,长发姑娘,,,
Gimme (Reset),人面兽心|花凯,Gimme (Reset),,,
一键重启,孙渔,一键重启,,,
结发,陶大帅|杨妹儿,结发,,,
别问她为什么哭泣,田园,别问她为什么哭泣,,,
你怕不怕,田园,你怕不怕,,,
你说过的,田园,好像也没犯过什么大错,,,
遗憾藏在心底,田园,遗憾藏在心底,,,
风太狂,王虹-王棚主,风太狂,,,
我不在乎,温兆伦|于嘉乐,我不在乎,,,
背着风流泪,文夫,背着风流泪（我怕见面就想重新拥有）,,,
不知不觉就长大了 (那个咿咿呀呀的孩子啊),文思闵,不知不觉就长大了,,,
可可爱爱,西瓜Milk,可可爱爱,,,
太阳终将会升起,小表哥,太阳终将会升起,,,
穿透,肖家永 Aaron,穿透,,,
穿透,肖家永 Aaron,穿透（DJ抖音版）,,,
爱你,徐俊雅,爱你,,,
我离开了北方不再有眼泪,烟嗓船长,我离开了北方不再有眼泪,,,
不再期待,闫大野,不再期待,,,
雨夜的叹息,燕宝儿,雨夜的叹息,,,
一个今天胜过无数个明天,杨奚乔,一个今天胜过无数个明天 (Live合唱版),,,
DUSK (农机专用曲),硬曲王|嘉永灿,DUSK (农机专用曲),,,
Problem,云|HSHK|VodKe,Problem,,,
小模样,张冬玲,小模样（女版）,,,
美丽的神话,张家旺|叶炫清,美丽的神话,,,
顶香人,张老板,顶香人,,,
时间是个小偷,张钰垚,时间是个小偷（纯享版）,,,
爱上你等于爱上了错,张振宇,爱上你等于爱上了错,,,
不要再来伤害我,张振宇,不要再来伤害我,,,
香烟散不尽人间苦,赵学飞,香烟散不尽人间苦 (烈酒浇不灭心中愁),,,
光顾,郑畅业,光顾,,,
Wake (高燃硬),HMHK,Wake (高燃硬),,,
梦回花事了,Lil Yo,梦回花事了,,,
My Way,OAO,My Way,,,
九九女儿红,陈少华,九九女儿红,,,
九九女儿红,陈少华,天上人间,,,
九月九的酒,陈少华,天上人间,,,
这故事太长,程今,这故事太长,,,
习惯一个人,刘崇健,习惯一个人,,,
习惯一个人,刘崇健,习惯一个人 (新版),,,
醉千年（就只看了你一眼）,馒小蛮同学,醉千年（就只看了你一眼）,,,
渴死的鱼,彭亮,中文慢摇舞曲,,,
怎么走进你心里,全幺九,怎么走进你心里,,,
ＬＯＳＴ,邵甲天 ET,星河,,,
月亮照山川,窝窝,月亮照山川,,,
擦不掉的泪,吴俊佑|庄淇玟29,擦不掉的泪,,,
抽烟的人,吴烨,抽烟的人,,,
无法喘息的痛,小茹玉,那些溜走的时光,,,
天上凉都,颜婷易兰,天上凉都,,,
不再悲伤,杨树人,不再悲伤,,,
心口停雪,云朵,心口停雪,,,
淋雨怎能不湿身,张志宇,淋雨怎能不湿身,,,
星星住进你眼睛,刘至远、Mimmi,,,,
半生,范茹,,,,
一路生花,温奕心,,,,
无归期,郑鱼,,,,
时间你慢些走,范茹,,,,
怎叹,郑鱼,,,,
八小时时差,郑鱼,,,,
后来的你在哪,树泽,,,,
地球最可爱,红格格,,,,
星月为媒,王茗,,,,
原来你,郭零叁、刘至远,,,,
一花一剑,等什么君(邓寓君),,,,
星月糖,黎林添娇,,,,
氧化氢,李尖尖,,,,
不再关于他,柏静,,,,
一整个爱住你,陈一彤,,,,
凡夫俗子,范茹,,,,
盼君折枝,郑鱼,,,,
此忆经年,小倩,,,,
乌鸡哥,宝宝酱,,,,
胆小鬼,郑鱼、MOONBOI(杨望舒),,,,
坠落,方言、徐梓淳,,,,
你终于等到她,兔子牙,,,,
你最好爱他,胡66,,,,
多久才能忘记你,王茗,,,,
物理反应,李尖尖,,,,
上仙,花僮,,,,
换季,小吴老师,,,,
老爸说,郭零叁,,,,
海与天,方言,,,,
在等风,贺子玲,,,,
木偶戏,玥夏,,,,
最爱的不是我,范茹,,,,
黑暗里,玥夏,,,,
微风雨和你,刘至远、Mimmi,,,,
我们应该算爱过吧,郑鱼,,,,
百鬼夜行,玥夏,,,,
我们不适合,小倩,,,,
但丁,陈默之、蒋知意,,,,
有翡,余又,,,,
来不及说,心俞,,,,
云端相见,玥夏,,,,
南风知我意,余又,,,,
残留梦境,范茹,,,,
光影和你,黎林添娇、范茹,,,,
黄昏恋人,童珺,,,,
辞君一别,余又、郑鱼,,,,
一刹那的烟火,余又、树泽,,,,
晴天与大海,杜治民,,,,
无缘,郑鱼,,,,
愿我与你,黎林添娇,,,,
算我活该,杨玛丽,,,,
人间一两风,范茹,,,,
月亮说,杜治民、Mimmi,,,,
魔鬼无罪,心俞,,,,
就当你没爱过,心俞,,,,
不问,范茹,,,,
执手看人间,余又,,,,
夜行者,玥夏,,,,
旧梦情未了,童珺,,,,
听说你,玥夏,,,,
无人判我,玥夏,,,,